-- 插入示例用户资料
INSERT INTO user_profiles (id, username, full_name, bio, avatar_url) VALUES
  ('550e8400-e29b-41d4-a716-446655440000', 'artist1', '张艺术家', '专业数字艺术家，擅长概念设计和插画', 'https://images.unsplash.com/photo-1472099645785-5658abf4ff4e?w=150&h=150&fit=crop&crop=face'),
  ('550e8400-e29b-41d4-a716-446655440001', 'designer2', '李设计师', 'UI/UX设计师，热爱创意设计', 'https://images.unsplash.com/photo-1494790108755-2616b612b786?w=150&h=150&fit=crop&crop=face'),
  ('550e8400-e29b-41d4-a716-446655440002', 'photographer3', '王摄影师', '风景摄影师，记录美好瞬间', 'https://images.unsplash.com/photo-1507003211169-0a1dd7228f2d?w=150&h=150&fit=crop&crop=face');

-- 插入示例图片
INSERT INTO images (id, title, description, image_url, user_id, like_count, view_count, comment_count, tags, category, is_featured) VALUES
  ('660e8400-e29b-41d4-a716-446655440000', '梦幻森林', '一个充满魔法色彩的梦幻森林场景，展现了大自然的神秘美感', 'https://images.unsplash.com/photo-1441974231531-c6227db76b6e?w=800&h=600&fit=crop', '550e8400-e29b-41d4-a716-446655440000', 15, 120, 3, ARRAY['森林', '梦幻', '自然', '魔法'], '风景', true),
  ('660e8400-e29b-41d4-a716-446655440001', '城市夜景', '现代都市的璀璨夜景，霓虹灯光交织成美丽的光影', 'https://images.unsplash.com/photo-1519501025264-65ba15a82390?w=800&h=600&fit=crop', '550e8400-e29b-41d4-a716-446655440001', 28, 200, 5, ARRAY['城市', '夜景', '霓虹', '现代'], '城市', true),
  ('660e8400-e29b-41d4-a716-446655440002', '抽象艺术', '色彩丰富的抽象艺术作品，表达内心的情感世界', 'https://images.unsplash.com/photo-1541961017774-22349e4a1262?w=800&h=600&fit=crop', '550e8400-e29b-41d4-a716-446655440000', 12, 85, 2, ARRAY['抽象', '色彩', '艺术', '情感'], '抽象', false),
  ('660e8400-e29b-41d4-a716-446655440003', '海边日落', '温暖的海边日落景色，金色的阳光洒在海面上', 'https://images.unsplash.com/photo-1506905925346-21bda4d32df4?w=800&h=600&fit=crop', '550e8400-e29b-41d4-a716-446655440002', 35, 300, 8, ARRAY['海边', '日落', '温暖', '金色'], '风景', true),
  ('660e8400-e29b-41d4-a716-446655440004', '科幻概念', '未来科技感的概念设计，展现对未来世界的想象', 'https://images.unsplash.com/photo-1518709268805-4e9042af2176?w=800&h=600&fit=crop', '550e8400-e29b-41d4-a716-446655440001', 22, 150, 4, ARRAY['科幻', '未来', '科技', '概念'], '科幻', false),
  ('660e8400-e29b-41d4-a716-446655440005', '花卉特写', '精美的花卉特写摄影，展现自然的细腻美感', 'https://images.unsplash.com/photo-1490750967868-88aa4486c946?w=800&h=600&fit=crop', '550e8400-e29b-41d4-a716-446655440002', 18, 95, 3, ARRAY['花卉', '特写', '自然', '美感'], '自然', false);

-- 插入示例点赞
INSERT INTO likes (user_id, image_id) VALUES
  ('550e8400-e29b-41d4-a716-446655440001', '660e8400-e29b-41d4-a716-446655440000'),
  ('550e8400-e29b-41d4-a716-446655440002', '660e8400-e29b-41d4-a716-446655440000'),
  ('550e8400-e29b-41d4-a716-446655440000', '660e8400-e29b-41d4-a716-446655440001'),
  ('550e8400-e29b-41d4-a716-446655440002', '660e8400-e29b-41d4-a716-446655440001'),
  ('550e8400-e29b-41d4-a716-446655440001', '660e8400-e29b-41d4-a716-446655440003'),
  ('550e8400-e29b-41d4-a716-446655440000', '660e8400-e29b-41d4-a716-446655440003');

-- 插入示例收藏
INSERT INTO favorites (user_id, image_id) VALUES
  ('550e8400-e29b-41d4-a716-446655440001', '660e8400-e29b-41d4-a716-446655440000'),
  ('550e8400-e29b-41d4-a716-446655440002', '660e8400-e29b-41d4-a716-446655440001'),
  ('550e8400-e29b-41d4-a716-446655440000', '660e8400-e29b-41d4-a716-446655440003');

-- 插入示例评论
INSERT INTO comments (content, user_id, image_id) VALUES
  ('太美了！这个森林场景让我想起了童话故事', '550e8400-e29b-41d4-a716-446655440001', '660e8400-e29b-41d4-a716-446655440000'),
  ('色彩搭配非常棒，很有艺术感', '550e8400-e29b-41d4-a716-446655440002', '660e8400-e29b-41d4-a716-446655440000'),
  ('这个夜景拍得真好，光影效果很棒', '550e8400-e29b-41d4-a716-446655440000', '660e8400-e29b-41d4-a716-446655440001'),
  ('城市的霓虹灯真的很迷人', '550e8400-e29b-41d4-a716-446655440002', '660e8400-e29b-41d4-a716-446655440001'),
  ('抽象艺术总是能触动人心', '550e8400-e29b-41d4-a716-446655440001', '660e8400-e29b-41d4-a716-446655440002'),
  ('这个日落太温暖了，让人心情愉悦', '550e8400-e29b-41d4-a716-446655440000', '660e8400-e29b-41d4-a716-446655440003'),
  ('海边的景色总是那么治愈', '550e8400-e29b-41d4-a716-446655440001', '660e8400-e29b-41d4-a716-446655440003'),
  ('科幻感十足，很有想象力', '550e8400-e29b-41d4-a716-446655440002', '660e8400-e29b-41d4-a716-446655440004'),
  ('花卉摄影技巧很棒', '550e8400-e29b-41d4-a716-446655440001', '660e8400-e29b-41d4-a716-446655440005');